{
    "LightGBM+ADA_60m": {
        "mean": 0.021302248415110123,
        "std": 0.07750629010752298
    },
    "LightGBM+BTC_60m": {
        "mean": -0.0043442695635893674,
        "std": 0.0267723513434859
    },
    "LightGBM+DOGE_60m": {
        "mean": 0.020285142702056825,
        "std": 0.02529302663640438
    },
    "LightGBM+DOT_60m": {
        "mean": 0.00635549319083047,
        "std": 0.024592093400785702
    },
    "LightGBM+ETH_60m": {
        "mean": -0.01435133414893668,
        "std": 0.05263896881717548
    },
    "LightGBM+LINK_60m": {
        "mean": 0.017784820783856674,
        "std": 0.028765319552602142
    },
    "LightGBM+SOL_60m": {
        "mean": 0.003908105167184956,
        "std": 0.03551467152303689
    },
    "LightGBM+XRP_60m": {
        "mean": 0.005367480162696877,
        "std": 0.048114057783809054
    }
}